"ReactionID"	"Reaction"	"Compartment"	"xsub"	"ysub"	"xprod"	"yprod"
"r_1084"	"(1->3)-beta-D-glucan transport"	"exchange"	NA	NA	NA	NA
"r_0001"	"(R)-lactate:ferricytochrome-c 2-oxidoreductase"	"exchange"	NA	NA	NA	NA
"r_0004"	"(S)-lactate:ferricytochrome-c 2-oxidoreductase"	"exchange"	NA	NA	NA	NA
"r_0008"	"1-(5-phosphoribosyl)-5-[(5-phosphoribosylamino)methylideneamino)imidazole-4-carboxamide isomerase"	"c_02"	NA	NA	NA	NA
"r_0005"	"1,3-beta-glucan synthase"	"exchange"	NA	NA	NA	NA
"r_0016"	"2-aceto-2-hydroxybutanoate synthase"	"c_10"	NA	NA	NA	NA
"r_0018"	"2-aminoadipate transaminase"	"c_02"	NA	NA	NA	NA
"r_0019"	"2-dehydropantoate 2-reductase"	"c_02"	NA	NA	NA	NA
"r_0020"	"2-dehydropantoate 2-reductase"	"c_10"	NA	NA	NA	NA
"r_1093"	"2-dehydropantoate transport"	"exchange"	NA	NA	NA	NA
"r_0025"	"2-isopropylmalate hydratase"	"c_02"	NA	NA	NA	NA
"r_0026"	"2-isopropylmalate synthase"	"c_02"	NA	NA	NA	NA
"r_0027"	"2-isopropylmalate synthase"	"c_10"	NA	NA	NA	NA
"r_1096"	"2-isopropylmalate transport"	"exchange"	NA	NA	NA	NA
"r_0029"	"2-methylcitrate dehydratase"	"c_10"	NA	NA	NA	NA
"r_0031"	"2-oxo-4-methyl-3-carboxypentanoate decarboxylation"	"c_02"	NA	NA	NA	NA
"r_1104"	"2-oxoadipate and 2-oxoglutarate transport"	"exchange"	NA	NA	NA	NA
"r_1105"	"2-oxoadipate transport"	"exchange"	NA	NA	NA	NA
"r_1106"	"2-oxobutanoate transporter"	"exchange"	NA	NA	NA	NA
"r_0042"	"3-dehydroquinate dehydratase"	"c_02"	NA	NA	NA	NA
"r_0043"	"3-dehydroquinate synthase"	"c_02"	NA	NA	NA	NA
"r_0045"	"3-deoxy-D-arabino-heptulosonate 7-phosphate synthetase"	"c_02"	NA	NA	NA	NA
"r_0048"	"3-hydroxy-L-kynurenine hydrolase"	"c_02"	NA	NA	NA	NA
"r_0051"	"3-hydroxyacyl-CoA dehydratase (3-hydroxyhexacosyl-CoA)"	"c_14"	NA	NA	NA	NA
"r_0052"	"3-hydroxyacyl-CoA dehydratase (3-hydroxyhexadecanoyl-CoA)"	"c_14"	NA	NA	NA	NA
"r_0053"	"3-hydroxyacyl-CoA dehydratase (3-hydroxyoctadecanoyl-CoA)"	"c_14"	NA	NA	NA	NA
"r_0057"	"3-hydroxyacyl-CoA dehydrogenase (3-oxohexacosyl-CoA)"	"c_14"	NA	NA	NA	NA
"r_0058"	"3-hydroxyacyl-CoA dehydrogenase (3-oxohexadecanoyl-CoA)"	"c_14"	NA	NA	NA	NA
"r_0059"	"3-hydroxyacyl-CoA dehydrogenase (3-oxooctadecanoyl-CoA)"	"c_14"	NA	NA	NA	NA
"r_0061"	"3-hydroxyanthranilate 3,4-dioxygenase"	"c_02"	NA	NA	NA	NA
"r_0063"	"3-isopropylmalate dehydratase"	"c_02"	NA	NA	NA	NA
"r_1115"	"3-methyl-2-oxopentanoate transport"	"exchange"	NA	NA	NA	NA
"r_1116"	"3-methyl-2-oxopentanoate transport"	"exchange"	NA	NA	NA	NA
"r_1119"	"3-methylbutanal transport"	"exchange"	NA	NA	NA	NA
"r_0068"	"3-phosphoshikimate 1-carboxyvinyltransferase"	"c_02"	NA	NA	NA	NA
"r_0034"	"3',5'-bisphosphate nucleotidase"	"c_02"	NA	NA	NA	NA
"r_0069"	"4-acetamidobutyrate deacetylase"	"c_02"	NA	NA	NA	NA
"r_0073"	"4-aminobutyrate transaminase"	"c_02"	NA	NA	NA	NA
"r_0093"	"5,10-methylenetetrahydrofolatereductase (NADPH)"	"c_02"	NA	NA	NA	NA
"r_0083"	"5'-nucleotidase (CMP)"	"c_02"	NA	NA	NA	NA
"r_0084"	"5'-nucleotidase (dAMP)"	"c_02"	NA	NA	NA	NA
"r_0085"	"5'-nucleotidase (dCMP)"	"c_02"	NA	NA	NA	NA
"r_0086"	"5'-nucleotidase (dGMP)"	"c_02"	NA	NA	NA	NA
"r_0088"	"5'-nucleotidase (dUMP)"	"c_02"	NA	NA	NA	NA
"r_0089"	"5'-nucleotidase (GMP)"	"c_02"	NA	NA	NA	NA
"r_0090"	"5'-nucleotidase (IMP)"	"c_02"	NA	NA	NA	NA
"r_0091"	"5'-nucleotidase (UMP)"	"c_02"	NA	NA	NA	NA
"r_0092"	"5'-nucleotidase (XMP)"	"c_02"	NA	NA	NA	NA
"r_1131"	"6-phospho-D-glucono-1,5-lactone transport"	"exchange"	NA	NA	NA	NA
"r_0106"	"6-phosphogluconolactonase"	"c_02"	NA	NA	NA	NA
"r_1134"	"acetaldehyde transport"	"exchange"	NA	NA	NA	NA
"r_0111"	"acetohydroxy acid isomeroreductase"	"c_10"	NA	NA	NA	NA
"r_0112"	"acetolactate synthase"	"c_10"	NA	NA	NA	NA
"r_0115"	"acetyl-CoA acyltransferase (hexadecanoyl-CoA)"	"c_14"	NA	NA	NA	NA
"r_0116"	"acetyl-CoA acyltransferase (tetracosanoyl-CoA)"	"c_14"	NA	NA	NA	NA
"r_0117"	"acetyl-CoA acyltransferase (tetradecanoyl-CoA)"	"c_14"	NA	NA	NA	NA
"r_0118"	"acetyl-CoA C-acetyltransferase"	"c_02"	NA	NA	NA	NA
"r_0119"	"acetyl-CoA C-acetyltransferase"	"c_10"	NA	NA	NA	NA
"r_0123"	"acetyl-Coa carboxylase"	"c_10"	NA	NA	NA	NA
"r_0124"	"acetyl-CoA carboxylase, reaction"	"c_02"	NA	NA	NA	NA
"r_0126"	"acetyl-CoA hydrolase"	"c_10"	NA	NA	NA	NA
"r_0127"	"acetyl-CoA synthetase"	"c_02"	NA	NA	NA	NA
"r_0128"	"acetyl-CoA synthetase"	"c_10"	NA	NA	NA	NA
"r_1142"	"acetylcarnitine transport"	"exchange"	NA	NA	NA	NA
"r_0134"	"acyl carrier protein synthase"	"c_10"	NA	NA	NA	NA
"r_0137"	"acyl-CoA oxidase (hexacanoyl-CoA)"	"c_14"	NA	NA	NA	NA
"r_0138"	"acyl-CoA oxidase (hexadecanoyl-CoA)"	"c_14"	NA	NA	NA	NA
"r_0139"	"acyl-CoA oxidase (octadecanoyl-CoA)"	"c_14"	NA	NA	NA	NA
"r_1145"	"adenosine 3',5'-bisphosphate transport"	"exchange"	NA	NA	NA	NA
"r_0158"	"adenosine monophosphate deaminase"	"c_02"	NA	NA	NA	NA
"r_0164"	"adenylate kinase"	"c_10"	NA	NA	NA	NA
"r_0166"	"adenylate kinase (GTP)"	"c_10"	NA	NA	NA	NA
"r_0169"	"adenylosuccinate lyase"	"c_02"	NA	NA	NA	NA
"r_0170"	"adenylosuccinate synthase"	"c_02"	NA	NA	NA	NA
"r_0171"	"adenylsuccinate lyase"	"c_02"	NA	NA	NA	NA
"r_0172"	"adenylyl-sulfate kinase"	"c_02"	NA	NA	NA	NA
"r_1149"	"ADP/ATP transporter"	"exchange"	-27.5	-5	-20	-5
"r_1152"	"AKG transporter, peroxisome"	"exchange"	NA	NA	NA	NA
"r_0174"	"alanine glyoxylate aminotransferase"	"c_02"	NA	NA	NA	NA
"r_0177"	"alcohol acetyltransferase (ethanol)"	"c_02"	NA	NA	NA	NA
"r_0178"	"alcohol acetyltransferase (isoamyl alcohol)"	"c_02"	NA	NA	NA	NA
"r_0181"	"alcohol dehydrogenase (ethanol)"	"c_02"	NA	NA	NA	NA
"r_0182"	"alcohol dehydrogenase (glycerol, NADP)"	"c_02"	NA	NA	NA	NA
"r_0183"	"alcohol dehydrogenase, reverse rxn (acetaldehyde -> ethanol)"	"c_10"	NA	NA	NA	NA
"r_0191"	"aldehyde dehydrogenase (acetaldehyde, NADP)"	"c_02"	NA	NA	NA	NA
"r_0193"	"aldehyde dehydrogenase (acetylaldehyde, NADP)"	"c_10"	NA	NA	NA	NA
"r_0197"	"aldehyde dehydrogenase (isoamyl alcohol, NAD)"	"c_02"	NA	NA	NA	NA
"r_0198"	"aldehyde dehydrogenase (isoamyl alcohol, NAD)"	"c_10"	NA	NA	NA	NA
"r_0209"	"allophanate hydrolase"	"c_02"	NA	NA	NA	NA
"r_0211"	"alpha,alpha-trehalase"	"c_02"	NA	NA	NA	NA
"r_0218"	"Aminoacetone:oxygen oxidoreductase(deaminating)(flavin-containing)"	"c_02"	NA	NA	NA	NA
"r_1157"	"ammonia transport"	"exchange"	NA	NA	NA	NA
"r_0220"	"anthranilate phosphoribosyltransferase"	"c_02"	NA	NA	NA	NA
"r_0221"	"anthranilate synthase"	"c_02"	NA	NA	NA	NA
"r_0222"	"Ap4A hydrolase"	"c_02"	NA	NA	NA	NA
"r_0224"	"arginase"	"c_02"	NA	NA	NA	NA
"r_0232"	"aspartate carbamoyltransferase"	"c_02"	NA	NA	NA	NA
"r_0233"	"aspartate kinase"	"c_02"	NA	NA	NA	NA
"r_0234"	"aspartate oxidase"	"exchange"	NA	NA	NA	NA
"r_0235"	"aspartate transaminase"	"c_02"	NA	NA	NA	NA
"r_0236"	"aspartate transaminase"	"c_10"	NA	NA	NA	NA
"r_0237"	"aspartate transaminase"	"c_14"	NA	NA	NA	NA
"r_1163"	"aspartate transport"	"exchange"	NA	NA	NA	NA
"r_1164"	"aspartate-glutamate transporter"	"exchange"	NA	NA	NA	NA
"r_0238"	"aspartate-semialdehyde dehydrogenase"	"c_02"	NA	NA	NA	NA
"r_0241"	"ATP adenylyltransferase"	"c_02"	NA	NA	NA	NA
"r_0245"	"ATP phosphoribosyltransferase"	"c_02"	NA	NA	NA	NA
"r_0246"	"ATP synthase"	"exchange"	-27.5	5	-20	5
"r_0249"	"ATPase, cytosolic"	"exchange"	-20	15	-27.5	15
"r_0251"	"bicarbonate formation"	"c_10"	NA	NA	NA	NA
"r_0254"	"bicarbonate formation"	"c_02"	NA	NA	NA	NA
"r_0258"	"C-14 sterol reductase"	"c_02"	NA	NA	NA	NA
"r_0261"	"C-3 sterol dehydrogenase"	"c_02"	NA	NA	NA	NA
"r_0262"	"C-3 sterol dehydrogenase (4-methylzymosterol)"	"c_02"	NA	NA	NA	NA
"r_0263"	"C-3 sterol keto reductase (4-methylzymosterol)"	"c_02"	NA	NA	NA	NA
"r_0264"	"C-3 sterol keto reductase (zymosterol)"	"c_02"	NA	NA	NA	NA
"r_0265"	"C-4 methyl sterol oxidase"	"c_02"	NA	NA	NA	NA
"r_0266"	"C-4 methyl sterol oxidase"	"c_02"	NA	NA	NA	NA
"r_0267"	"C-4 methyl sterol oxidase"	"c_02"	NA	NA	NA	NA
"r_0268"	"C-4 sterol methyl oxidase (4,4-dimethylzymosterol)"	"c_02"	NA	NA	NA	NA
"r_0271"	"C-s24 sterol reductase"	"c_03"	NA	NA	NA	NA
"r_0277"	"carbamoyl-phosphate synthase (glutamine-hydrolysing)"	"c_02"	NA	NA	NA	NA
"r_0279"	"carnitine O-acetyltransferase"	"c_02"	NA	NA	NA	NA
"r_0280"	"carnitine O-acetyltransferase"	"c_14"	NA	NA	NA	NA
"r_1172"	"carnitine transport"	"exchange"	NA	NA	NA	NA
"r_1173"	"carnitine-acetylcarnitine carrier"	"exchange"	NA	NA	NA	NA
"r_0283"	"catalase"	"c_14"	NA	NA	NA	NA
"r_0286"	"ceramide-1 hydroxylase (24C)"	"c_03"	NA	NA	NA	NA
"r_0287"	"ceramide-1 hydroxylase (24C)"	"c_03"	NA	NA	NA	NA
"r_0289"	"ceramide-1 hydroxylase (26C)"	"c_03"	NA	NA	NA	NA
"r_0290"	"ceramide-1 synthase (24C)"	"c_03"	NA	NA	NA	NA
"r_0291"	"ceramide-1 synthase (26C)"	"c_03"	NA	NA	NA	NA
"r_1175"	"ceramide-2' (sphinganine:n-C24:0OH) transport"	"exchange"	NA	NA	NA	NA
"r_1176"	"ceramide-2' (sphinganine:n-C26:0OH) transport"	"exchange"	NA	NA	NA	NA
"r_1177"	"ceramide-3 (Phytosphingosine:n-C24:0OH) transport"	"exchange"	NA	NA	NA	NA
"r_0294"	"ceramide-3 synthase (24C)"	"c_03"	NA	NA	NA	NA
"r_0298"	"cholestenol delta-isomerase, lumped reaction"	"c_02"	NA	NA	NA	NA
"r_0304"	"chorismate mutase"	"c_02"	NA	NA	NA	NA
"r_0306"	"chorismate synthase"	"c_02"	NA	NA	NA	NA
"r_0308"	"cis-aconitate(3-) to isocitrate"	"c_02"	NA	NA	NA	NA
"r_0328"	"citrate synthase"	"c_10"	NA	NA	NA	NA
"r_0329"	"citrate synthase"	"c_14"	NA	NA	NA	NA
"r_0331"	"citrate to cis-aconitate(3-)"	"c_02"	NA	NA	NA	NA
"r_1182"	"citrate transport"	"exchange"	NA	NA	NA	NA
"r_1184"	"citrate transport"	"exchange"	NA	NA	NA	NA
"r_1185"	"citrate/isocitrate antiport"	"exchange"	NA	NA	NA	NA
"r_1186"	"citrate/malate antiport"	"exchange"	NA	NA	NA	NA
"r_1192"	"CO2 transport"	"exchange"	NA	NA	NA	NA
"r_1194"	"CO2 transport"	"exchange"	NA	NA	NA	NA
"r_0337"	"cystathionine b-lyase"	"c_02"	NA	NA	NA	NA
"r_0338"	"cystathionine beta-synthase"	"c_02"	NA	NA	NA	NA
"r_0340"	"cystathionine gamma-synthase"	"c_02"	NA	NA	NA	NA
"r_0343"	"cytidine deaminase"	"c_02"	NA	NA	NA	NA
"r_0344"	"cytidine kinase (GTP)"	"c_02"	NA	NA	NA	NA
"r_0347"	"cytochrome P450 lanosterol 14-alpha-demethylase (NAD)"	"c_02"	NA	NA	NA	NA
"r_0348"	"cytochrome P450 lanosterol 14-alpha-demethylase (NADP)"	"c_02"	NA	NA	NA	NA
"r_0353"	"D-fructose 1-phosphate D-glyceraldehyde-3-phosphate-lyase"	"c_02"	NA	NA	NA	NA
"r_1207"	"D-lactate transport"	"exchange"	NA	NA	NA	NA
"r_1208"	"D-lactate transport"	"exchange"	NA	NA	NA	NA
"r_1209"	"D-lactate/pyruvate antiport"	"exchange"	NA	NA	NA	NA
"r_0354"	"D-sorbitol dehydrogenase (D-fructose producing)"	"c_02"	NA	NA	NA	NA
"r_0355"	"D-sorbitol reductase"	"c_02"	NA	NA	NA	NA
"r_0356"	"D1-pyrroline-5-carboxylate dehydrogenase"	"c_10"	NA	NA	NA	NA
"r_0359"	"deoxyadenosine deaminase"	"c_02"	NA	NA	NA	NA
"r_0360"	"deoxyadenylate kinase"	"c_02"	NA	NA	NA	NA
"r_0361"	"deoxycytidine deaminase"	"c_02"	NA	NA	NA	NA
"r_0362"	"deoxyguanylate kinase (dGMP:ATP)"	"c_02"	NA	NA	NA	NA
"r_0365"	"deoxyuridine kinase (ATP:deoxyuridine)"	"c_02"	NA	NA	NA	NA
"r_0366"	"deoxyuridine phosphorylase"	"c_02"	NA	NA	NA	NA
"r_0367"	"dephospho-CoA kinase"	"c_02"	NA	NA	NA	NA
"r_0368"	"dephospho-CoA kinase"	"c_10"	NA	NA	NA	NA
"r_0373"	"dihydoorotic acid (ubiquinone-6)"	"exchange"	NA	NA	NA	NA
"r_0374"	"dihydoorotic acid dehydrogenase"	"c_02"	NA	NA	NA	NA
"r_0375"	"dihydrofolate reductase"	"c_02"	NA	NA	NA	NA
"r_0381"	"dihydroorotase"	"c_02"	NA	NA	NA	NA
"r_0384"	"dihydroxy-acid dehydratase (2,3-dihydroxy-3-methylbutanoate)"	"c_10"	NA	NA	NA	NA
"r_0385"	"dihydroxy-acid dehydratase (2,3-dihydroxy-3-methylpentanoate)"	"c_10"	NA	NA	NA	NA
"r_0387"	"dimethylallyltranstransferase"	"c_02"	NA	NA	NA	NA
"r_1234"	"dolichol phosphate transport"	"exchange"	NA	NA	NA	NA
"r_0393"	"dolichyl-phosphate D-mannosyltransferase"	"exchange"	NA	NA	NA	NA
"r_0394"	"dolichyl-phosphate-mannose--protein mannosyltransferase"	"c_03"	NA	NA	NA	NA
"r_0396"	"dUTP diphosphatase"	"c_02"	NA	NA	NA	NA
"r_0398"	"enolase"	"c_02"	NA	NA	NA	NA
"r_1239"	"ergosta-5,6,22,24,(28)-tetraen-3beta-ol transport"	"exchange"	NA	NA	NA	NA
"r_1242"	"ergosterol transport"	"exchange"	NA	NA	NA	NA
"r_1248"	"ethanol transport"	"exchange"	NA	NA	NA	NA
"r_0401"	"ethyl acetate-hydrolyzing esterase"	"c_02"	NA	NA	NA	NA
"r_1250"	"fad/FMN antiport"	"exchange"	NA	NA	NA	NA
"r_1251"	"fadH2 transport"	"exchange"	NA	NA	NA	NA
"r_0407"	"fatty acid oxidation"	"c_14"	NA	NA	NA	NA
"r_0413"	"fatty acid oxidation"	"c_14"	NA	NA	NA	NA
"r_0414"	"fatty acid oxidation"	"c_14"	NA	NA	NA	NA
"r_0416"	"fatty acid oxidation (tetradecansoyl-CoA)"	"c_14"	NA	NA	NA	NA
"r_0417"	"fatty acid synthase (n-C10:0)"	"c_02"	NA	NA	NA	NA
"r_0418"	"fatty acid synthase (n-C12:0)"	"c_02"	NA	NA	NA	NA
"r_0419"	"fatty acid synthase (n-C14:0)"	"c_02"	NA	NA	NA	NA
"r_0420"	"fatty acid synthase (n-C14:1)"	"c_02"	NA	NA	NA	NA
"r_0421"	"fatty acid synthase (n-C16:0)"	"c_02"	NA	NA	NA	NA
"r_0422"	"fatty acid synthase (n-C16:1)"	"c_02"	NA	NA	NA	NA
"r_0423"	"fatty acid synthase (n-C18:0)"	"c_02"	NA	NA	NA	NA
"r_0424"	"fatty acid synthase (n-C18:1)"	"c_02"	NA	NA	NA	NA
"r_0425"	"fatty acid synthase (n-C24:0), lumped reaction"	"c_02"	NA	NA	NA	NA
"r_0426"	"fatty acid synthase (n-C26:0)"	"c_02"	NA	NA	NA	NA
"r_0427"	"fatty acid synthase (n-C8:0), lumped reaction"	"c_02"	NA	NA	NA	NA
"r_1253"	"fatty acid transport"	"exchange"	NA	NA	NA	NA
"r_1254"	"fatty acid transport"	"exchange"	NA	NA	NA	NA
"r_1258"	"fatty acid transport"	"exchange"	NA	NA	NA	NA
"r_1259"	"fatty acid transport"	"exchange"	NA	NA	NA	NA
"r_1261"	"fatty acid transport"	"exchange"	NA	NA	NA	NA
"r_1262"	"fatty acid transport"	"exchange"	NA	NA	NA	NA
"r_1267"	"fatty acid transport via ABC system"	"exchange"	NA	NA	NA	NA
"r_1268"	"fatty acid transport via ABC system"	"exchange"	NA	NA	NA	NA
"r_0429"	"fatty acyl-CoA synthase (n-C10:0CoA)"	"c_02"	NA	NA	NA	NA
"r_0430"	"fatty acyl-CoA synthase (n-C8:0CoA), lumped reaction"	"c_02"	NA	NA	NA	NA
"r_1269"	"fatty acyl-CoA transport via ABC system"	"exchange"	NA	NA	NA	NA
"r_1270"	"fatty acyl-CoA transport via ABC system"	"exchange"	NA	NA	NA	NA
"r_1272"	"fatty acyl-CoA transport via ABC system"	"exchange"	NA	NA	NA	NA
"r_0434"	"fatty-acid--CoA ligase (hexadecanoate)"	"c_14"	NA	NA	NA	NA
"r_0437"	"fatty-acid--CoA ligase (n-C24:0)"	"c_14"	NA	NA	NA	NA
"r_0438"	"fatty-acid--CoA ligase (n-C26:0)"	"c_14"	NA	NA	NA	NA
"r_0445"	"fatty-acid--CoA ligase (tetradecenoate)"	"c_02"	NA	NA	NA	NA
"r_0446"	"fatty-acid--CoA ligase (tetradecenoate)"	"c_14"	NA	NA	NA	NA
"r_0447"	"fatty-acyl-ACP hydrolase"	"c_02"	NA	NA	NA	NA
"r_0448"	"fatty-acyl-ACP hydrolase"	"c_02"	NA	NA	NA	NA
"r_0450"	"fatty-acyl-ACP hydrolase"	"c_02"	NA	NA	NA	NA
"r_0451"	"fatty-acyl-ACP hydrolase"	"c_02"	NA	NA	NA	NA
"r_0453"	"fatty-acyl-ACP hydrolase"	"c_02"	NA	NA	NA	NA
"r_0457"	"fatty-acyl-ACP synthase (n-C14:0ACP)"	"c_10"	NA	NA	NA	NA
"r_0459"	"fatty-acyl-ACP synthase (n-C16:0ACP)"	"c_10"	NA	NA	NA	NA
"r_0460"	"fatty-acyl-ACP synthase (n-C16:1ACP)"	"c_10"	NA	NA	NA	NA
"r_0462"	"fatty-acyl-ACP synthase (n-C18:1ACP)"	"c_10"	NA	NA	NA	NA
"r_1274"	"fatty-acyl-ACP transport"	"exchange"	NA	NA	NA	NA
"r_1275"	"fatty-acyl-ACP transport"	"exchange"	NA	NA	NA	NA
"r_1277"	"fatty-acyl-ACP transport"	"exchange"	NA	NA	NA	NA
"r_1278"	"fatty-acyl-ACP transport"	"exchange"	NA	NA	NA	NA
"r_1280"	"fatty-acyl-ACP transport"	"exchange"	NA	NA	NA	NA
"r_0464"	"fatty-acyl-CoA synthase (n-C12:0CoA)"	"c_02"	NA	NA	NA	NA
"r_0465"	"fatty-acyl-CoA synthase (n-C14:0CoA)"	"c_02"	NA	NA	NA	NA
"r_0466"	"fatty-acyl-CoA synthase (n-C16:0CoA)"	"c_02"	NA	NA	NA	NA
"r_0467"	"fatty-acyl-CoA synthase (n-C18:0CoA)"	"c_02"	NA	NA	NA	NA
"r_0470"	"ferrocytochrome-c:oxygen oxidoreductase"	"exchange"	NA	NA	NA	NA
"r_0471"	"ferrocytochrome-c:oxygen oxidoreductase"	"exchange"	NA	NA	NA	NA
"r_0472"	"FMN adenylyltransferase"	"c_02"	NA	NA	NA	NA
"r_0473"	"FMN adenylyltransferase"	"c_10"	NA	NA	NA	NA
"r_0474"	"FMN reductase"	"c_02"	NA	NA	NA	NA
"r_0475"	"FMN reductase"	"c_02"	NA	NA	NA	NA
"r_0477"	"formate  dehydrogenase, cytosolic/mitochondrial"	"exchange"	NA	NA	NA	NA
"r_0478"	"formate dehydrogenase"	"c_02"	NA	NA	NA	NA
"r_0479"	"formate-tetrahydrofolate ligase"	"c_02"	NA	NA	NA	NA
"r_0481"	"fructose-1-phosphate kinase"	"c_02"	NA	NA	NA	NA
"r_0483"	"fructose-bisphosphatase"	"c_02"	NA	NA	NA	NA
"r_0484"	"fructose-bisphosphate aldolase"	"c_02"	NA	NA	NA	NA
"r_0485"	"fumarase"	"c_02"	NA	NA	NA	NA
"r_0486"	"fumarase"	"c_10"	NA	NA	NA	NA
"r_0488"	"fumarate reductase"	"c_10"	NA	NA	NA	NA
"r_0489"	"fumarate reductase FMN"	"c_02"	NA	NA	NA	NA
"r_0496"	"geranyltranstransferase"	"c_02"	NA	NA	NA	NA
"r_0497"	"glucan 1,4-alpha-glucosidase"	"c_02"	NA	NA	NA	NA
"r_0499"	"glucokinase"	"c_02"	NA	NA	NA	NA
"r_0501"	"glucose 6-phosphate dehydrogenase"	"c_02"	NA	NA	NA	NA
"r_0502"	"glucose 6-phosphate dehydrogenase"	"c_03"	NA	NA	NA	NA
"r_1292"	"glucose 6-phosphate transport"	"exchange"	NA	NA	NA	NA
"r_1293"	"glucose transport"	"exchange"	NA	NA	NA	NA
"r_0503"	"glucose-6-phosphate isomerase"	"c_02"	NA	NA	NA	NA
"r_0504"	"glucose-6-phosphate isomerase"	"c_02"	NA	NA	NA	NA
"r_0505"	"glucose-6-phosphate isomerase"	"c_02"	NA	NA	NA	NA
"r_0506"	"glutamate 5-kinase"	"c_02"	NA	NA	NA	NA
"r_0507"	"glutamate decarboxylase"	"c_02"	NA	NA	NA	NA
"r_0508"	"glutamate dehydrogenase (NAD)"	"c_02"	NA	NA	NA	NA
"r_0510"	"glutamate synthase (NADH2)"	"c_02"	NA	NA	NA	NA
"r_0511"	"glutamate-5-semialdehyde dehydrogenase"	"c_02"	NA	NA	NA	NA
"r_0512"	"glutamate-5-semialdehyde dehydrogenase"	"c_02"	NA	NA	NA	NA
"r_0514"	"glutamine phosphoribosyldiphosphate amidotransferase"	"c_02"	NA	NA	NA	NA
"r_0515"	"glutamine synthetase"	"c_02"	NA	NA	NA	NA
"r_0525"	"glyceraldehyde-3-phosphate dehydrogenase"	"c_02"	NA	NA	NA	NA
"r_0528"	"glycerol-3-phosphatase"	"c_02"	NA	NA	NA	NA
"r_0529"	"glycerol-3-phosphate dehydrogenase (fad)"	"c_10"	NA	NA	NA	NA
"r_0530"	"glycerol-3-phosphate dehydrogenase (NAD)"	"c_02"	NA	NA	NA	NA
"r_0531"	"glycerol-3-phosphate dehydrogenase (NAD)"	"c_10"	NA	NA	NA	NA
"r_0537"	"glycine C-acetyltransferase"	"c_02"	NA	NA	NA	NA
"r_0538"	"glycine cleavage system"	"c_10"	NA	NA	NA	NA
"r_0539"	"glycine hydroxymethyltransferase"	"c_02"	NA	NA	NA	NA
"r_0540"	"glycine hydroxymethyltransferase,"	"c_10"	NA	NA	NA	NA
"r_1302"	"glycine transport"	"exchange"	NA	NA	NA	NA
"r_0542"	"glycine-cleavage complex (lipoamide)"	"c_10"	NA	NA	NA	NA
"r_0543"	"glycine-cleavage complex (lipoylprotein)"	"c_10"	NA	NA	NA	NA
"r_0544"	"glycine-cleavage complex (lipoylprotein)"	"c_10"	NA	NA	NA	NA
"r_0545"	"glycine-cleavage complex (lipoylprotein)"	"c_10"	NA	NA	NA	NA
"r_1308"	"glyoxylate transport"	"exchange"	NA	NA	NA	NA
"r_0551"	"GMP synthase"	"c_02"	NA	NA	NA	NA
"r_0563"	"GTP diphosphohydrolase"	"c_02"	NA	NA	NA	NA
"r_1309"	"GTP/GDP translocase"	"exchange"	NA	NA	NA	NA
"r_0564"	"guanine deaminase"	"c_02"	NA	NA	NA	NA
"r_0565"	"guanine phosphoribosyltransferase"	"c_02"	NA	NA	NA	NA
"r_0566"	"guanosine kinase"	"c_02"	NA	NA	NA	NA
"r_1314"	"H2O transport"	"exchange"	NA	NA	NA	NA
"r_1315"	"H2O transport"	"exchange"	NA	NA	NA	NA
"r_1317"	"H2O transport"	"exchange"	NA	NA	NA	NA
"r_1319"	"H2O transport"	"exchange"	NA	NA	NA	NA
"r_1322"	"hexacosanoyl-CoA transport"	"exchange"	NA	NA	NA	NA
"r_0572"	"hexokinase (D-fructose:ATP)"	"c_02"	NA	NA	NA	NA
"r_0573"	"hexokinase (D-glucose:ATP)"	"c_02"	NA	NA	NA	NA
"r_0575"	"histidinol dehydrogenase"	"c_02"	NA	NA	NA	NA
"r_0576"	"histidinol-phosphatase"	"c_02"	NA	NA	NA	NA
"r_0577"	"histidinol-phosphate transaminase"	"c_02"	NA	NA	NA	NA
"r_0581"	"homoacontinate hydratase"	"c_10"	NA	NA	NA	NA
"r_0582"	"homocitrate synthase"	"c_10"	NA	NA	NA	NA
"r_0584"	"homocysteine S-methyltransferase"	"c_02"	NA	NA	NA	NA
"r_0585"	"homoisocitrate dehydrogenase"	"c_10"	NA	NA	NA	NA
"r_0587"	"homoserine dehydrogenase (NADP)"	"c_02"	NA	NA	NA	NA
"r_0588"	"homoserine kinase"	"c_02"	NA	NA	NA	NA
"r_0589"	"homoserine O-trans-acetylase"	"c_02"	NA	NA	NA	NA
"r_0590"	"hydrogen peroxide reductase (thioredoxin)"	"c_02"	NA	NA	NA	NA
"r_0592"	"hydrogen peroxide reductase (thioredoxin)"	"c_14"	NA	NA	NA	NA
"r_0593"	"hydroxyacylglutathione hydrolase"	"c_02"	NA	NA	NA	NA
"r_0598"	"hydroxymethylglutaryl CoA reductase"	"c_02"	NA	NA	NA	NA
"r_0599"	"hydroxymethylglutaryl CoA synthase"	"c_02"	NA	NA	NA	NA
"r_0600"	"hydroxymethylglutaryl CoA synthase"	"c_10"	NA	NA	NA	NA
"r_1327"	"hydroxymethylglutaryl-CoA transport"	"exchange"	NA	NA	NA	NA
"r_0602"	"hypothetical enyme"	"c_02"	NA	NA	NA	NA
"r_0603"	"hypoxanthine phosphoribosyltransferase (Hypoxanthine)"	"c_02"	NA	NA	NA	NA
"r_0604"	"Imidazole-glycerol-3-phosphate synthase"	"c_02"	NA	NA	NA	NA
"r_0605"	"imidazoleglycerol-phosphate dehydratase"	"c_02"	NA	NA	NA	NA
"r_0606"	"IMP cyclohydrolase"	"c_02"	NA	NA	NA	NA
"r_0607"	"IMP dehydrogenase"	"c_02"	NA	NA	NA	NA
"r_0608"	"indole-3-glycerol-phosphate synthase"	"c_02"	NA	NA	NA	NA
"r_0610"	"inorganic diphosphatase"	"c_02"	NA	NA	NA	NA
"r_0611"	"inorganic diphosphatase"	"c_10"	NA	NA	NA	NA
"r_0619"	"insosine kinase"	"c_02"	NA	NA	NA	NA
"r_0621"	"IPC synthase"	"c_06"	NA	NA	NA	NA
"r_0622"	"IPC synthase"	"c_06"	NA	NA	NA	NA
"r_0623"	"IPC synthase"	"c_06"	NA	NA	NA	NA
"r_0627"	"isoamyl acetate-hydrolyzing esterase"	"c_02"	NA	NA	NA	NA
"r_1340"	"isoamyl alcohol transport"	"exchange"	NA	NA	NA	NA
"r_0630"	"isocitrate dehydrogenase (NADP)"	"c_02"	NA	NA	NA	NA
"r_0631"	"isocitrate dehydrogenase (NADP+)"	"c_10"	NA	NA	NA	NA
"r_0632"	"isocitrate dehydrogenase (NADP+)"	"c_14"	NA	NA	NA	NA
"r_0633"	"isocitrate lyase"	"c_02"	NA	NA	NA	NA
"r_0634"	"isoleucine transaminase"	"c_02"	NA	NA	NA	NA
"r_0635"	"isoleucine transaminase"	"c_10"	NA	NA	NA	NA
"r_0638"	"isopentenyl-diphosphate D-isomerase"	"c_02"	NA	NA	NA	NA
"r_0640"	"ketol-acid reductoisomerase (2-aceto-2-hydroxybutanoate)"	"c_10"	NA	NA	NA	NA
"r_0641"	"kynureninase"	"c_02"	NA	NA	NA	NA
"r_0642"	"kynurenine 3-monooxygenase"	"c_02"	NA	NA	NA	NA
"r_0645"	"L-2-amino-3-oxobutanoate decarboxylation (spontaneous)"	"c_02"	NA	NA	NA	NA
"r_0647"	"L-alanine transaminase"	"c_10"	NA	NA	NA	NA
"r_1346"	"L-alanine transport"	"exchange"	NA	NA	NA	NA
"r_0648"	"L-allo-threonine aldolase"	"c_02"	NA	NA	NA	NA
"r_0649"	"L-allo-threonine dehydrogenase"	"c_02"	NA	NA	NA	NA
"r_0650"	"L-aminoadipate-semialdehyde dehydrogenase (NADH)"	"c_02"	NA	NA	NA	NA
"r_0651"	"L-aminoadipate-semialdehyde dehydrogenase (NADPH)"	"c_02"	NA	NA	NA	NA
"r_0652"	"L-asparaginase"	"c_02"	NA	NA	NA	NA
"r_0653"	"L-asparaginase"	"c_05"	NA	NA	NA	NA
"r_1352"	"L-asparagine transport"	"exchange"	NA	NA	NA	NA
"r_1356"	"L-aspartate transport"	"exchange"	NA	NA	NA	NA
"r_0657"	"L-glutamate 5-semialdehyde dehydratase"	"c_02"	NA	NA	NA	NA
"r_0658"	"L-glutamate 5-semialdehyde dehydratase,"	"c_10"	NA	NA	NA	NA
"r_1374"	"L-isoleucine transport"	"exchange"	NA	NA	NA	NA
"r_0663"	"L-lactaldehyde:NADP+ 1-oxidoreductase"	"c_02"	NA	NA	NA	NA
"r_1384"	"L-leucine transport"	"exchange"	NA	NA	NA	NA
"r_1391"	"L-proline transport"	"exchange"	NA	NA	NA	NA
"r_0664"	"L-serine deaminase"	"c_02"	NA	NA	NA	NA
"r_0667"	"L-threonine deaminase"	"c_02"	NA	NA	NA	NA
"r_0668"	"L-threonine deaminase"	"c_10"	NA	NA	NA	NA
"r_0669"	"L-tryptophan:oxygen 2,3-oxidoreductase (decyclizing)"	"c_02"	NA	NA	NA	NA
"r_0671"	"lactaldehyde dehydrogenase"	"c_02"	NA	NA	NA	NA
"r_0672"	"lactoylglutathione lyase"	"c_02"	NA	NA	NA	NA
"r_0673"	"lanosterol synthase"	"c_02"	NA	NA	NA	NA
"r_0674"	"leucine transaminase"	"c_02"	NA	NA	NA	NA
"r_0688"	"malate dehydrogenase"	"c_02"	NA	NA	NA	NA
"r_0689"	"malate dehydrogenase"	"c_10"	NA	NA	NA	NA
"r_0690"	"malate dehydrogenase"	"c_14"	NA	NA	NA	NA
"r_0691"	"malate synthase"	"c_02"	NA	NA	NA	NA
"r_0692"	"malate synthase"	"c_14"	NA	NA	NA	NA
"r_1405"	"malate transport"	"exchange"	NA	NA	NA	NA
"r_1406"	"malate/oxaloacetate shuttle"	"exchange"	NA	NA	NA	NA
"r_0694"	"malic enzyme (NADP)"	"c_10"	NA	NA	NA	NA
"r_0696"	"malonyl-CoA-ACP transacylase"	"c_10"	NA	NA	NA	NA
"r_1408"	"mannan transport"	"exchange"	NA	NA	NA	NA
"r_0697"	"mannose-1-phosphate guanylyltransferase"	"c_02"	NA	NA	NA	NA
"r_0698"	"mannose-6-phosphate isomerase"	"c_02"	NA	NA	NA	NA
"r_0700"	"methenyltetrahydrofolate cyclohydrolase"	"c_02"	NA	NA	NA	NA
"r_0702"	"methionine synthase"	"c_02"	NA	NA	NA	NA
"r_0706"	"methylenetetrahydrofolate dehydrogenase (NAD)"	"c_02"	NA	NA	NA	NA
"r_0707"	"methylenetetrahydrofolate dehydrogenase (NADP)"	"c_02"	NA	NA	NA	NA
"r_0709"	"methylglyoxal synthase"	"c_02"	NA	NA	NA	NA
"r_0711"	"mevalonate kinase (atp)"	"c_02"	NA	NA	NA	NA
"r_0714"	"mevalonate kinase (utp)"	"c_02"	NA	NA	NA	NA
"r_0715"	"mevalonate pyrophoshate decarboxylase"	"c_02"	NA	NA	NA	NA
"r_0723"	"MIPC synthase"	"c_06"	NA	NA	NA	NA
"r_0724"	"MIPC synthase"	"c_06"	NA	NA	NA	NA
"r_0730"	"N-acetylputrescine: oxygen oxireductase (deaminating)"	"c_02"	NA	NA	NA	NA
"r_0732"	"N-formyl-L-kynurenine amidohydrolase"	"c_02"	NA	NA	NA	NA
"r_0734"	"N4-acetylaminobutanal:NAD+ oxidoreductase"	"c_02"	NA	NA	NA	NA
"D-glucose boundary"	NA	NA	NA	NA	NA	NA
"ammonium boundary"	NA	NA	NA	NA	NA	NA
"phosphate boundary"	NA	NA	NA	NA	NA	NA
"sulphate boundary"	NA	NA	NA	NA	NA	NA
"uracil boundary"	NA	NA	NA	NA	NA	NA
"L-leucine boundary"	NA	NA	NA	NA	NA	NA
"carbon dioxide boundary"	NA	NA	-72.5	17.5	-77.5	22.5
"oxygen boundary"	NA	NA	-87.5	22.5	-82.5	17.5
"water boundary"	NA	NA	-62.5	19	-62.5	25
"ethanol boundary"	NA	NA	NA	NA	NA	NA
"composition"	NA	NA	NA	NA	NA	NA
"r_0737"	"NAD kinase"	"c_10"	NA	NA	NA	NA
"r_1413"	"NAD transport"	"exchange"	NA	NA	NA	NA
"r_1415"	"NAD transport"	"exchange"	NA	NA	NA	NA
"r_1418"	"NAD transport"	"exchange"	NA	NA	NA	NA
"r_1420"	"NAD transport"	"exchange"	NA	NA	NA	NA
"r_0744"	"NADH kinase mitochondrial"	"c_10"	NA	NA	NA	NA
"r_1421"	"NADH transport"	"exchange"	NA	NA	NA	NA
"r_0745"	"NADH:ubiquinone oxidoreductase"	"exchange"	NA	NA	NA	NA
"r_1423"	"NADP(+) transport"	"exchange"	NA	NA	NA	NA
"r_1424"	"NADPH transport"	"exchange"	NA	NA	NA	NA
"r_1425"	"NH3 transport"	"exchange"	NA	NA	NA	NA
"r_0761"	"nicotinate-nucleotide adenylyltransferase"	"c_02"	NA	NA	NA	NA
"r_0762"	"nicotinate-nucleotide adenylyltransferase"	"c_10"	NA	NA	NA	NA
"r_0763"	"nicotinate-nucleotide diphosphorylase (carboxylating)"	"c_02"	NA	NA	NA	NA
"r_0764"	"nicotinate-nucleotide diphosphorylase (carboxylating)"	"c_10"	NA	NA	NA	NA
"r_0765"	"non-enzymatic reaction"	"c_10"	NA	NA	NA	NA
"r_0774"	"nucleoside-diphosphate kinase (ATP:dGDP)"	"c_02"	NA	NA	NA	NA
"r_0776"	"nucleoside-diphosphate kinase (ATP:dUDP)"	"c_02"	NA	NA	NA	NA
"r_0777"	"nucleoside-diphosphate kinase (ATP:GDP)"	"c_02"	-23	-26	-18	-26
"r_0780"	"nucleoside-triphosphatase (dGTP)"	"c_02"	NA	NA	NA	NA
"r_0783"	"O-acetylhomoserine (thiol)-lyase"	"c_02"	NA	NA	NA	NA
"r_0786"	"O-succinylhomoserine lyase (elimination)"	"c_02"	NA	NA	NA	NA
"r_0787"	"O-succinylhomoserine lyase (L-cysteine)"	"c_02"	NA	NA	NA	NA
"r_1433"	"O2 transport"	"exchange"	NA	NA	NA	NA
"r_1434"	"O2 transport"	"exchange"	NA	NA	NA	NA
"r_1435"	"O2 transport"	"exchange"	NA	NA	NA	NA
"r_1436"	"O2 transport"	"exchange"	NA	NA	NA	NA
"r_0788"	"Oleoyl-CoA desaturase (n-C18:1CoA -> n-C18:2CoA)"	"c_02"	NA	NA	NA	NA
"r_0790"	"ornithine decarboxylase"	"c_02"	NA	NA	NA	NA
"r_0792"	"ornithine transaminase"	"c_02"	NA	NA	NA	NA
"r_0793"	"orotate phosphoribosyltransferase"	"c_02"	NA	NA	NA	NA
"r_1444"	"oxaloacetate transport"	"exchange"	NA	NA	NA	NA
"r_1446"	"oxidized thioredoxin transport"	"exchange"	NA	NA	NA	NA
"r_0804"	"oxoglutarate dehydrogenase (dihydrolipoamide S-succinyltransferase)"	"c_10"	NA	NA	NA	NA
"r_0805"	"oxoglutarate dehydrogenase (lipoamide)"	"c_10"	NA	NA	NA	NA
"r_0810"	"palmitoyl-CoA desaturase (n-C16:0CoA -> n-C16:1CoA)"	"c_02"	NA	NA	NA	NA
"r_0814"	"pantetheine-phosphate adenylyltransferase"	"c_02"	NA	NA	NA	NA
"r_1449"	"panthetheine 4'-phosphate transport"	"exchange"	NA	NA	NA	NA
"r_0815"	"panthetheine-phosphate adenylyltransferase"	"c_10"	NA	NA	NA	NA
"r_1450"	"pantothenate transport"	"exchange"	NA	NA	NA	NA
"r_0820"	"peroxisomal acyl-CoA thioesterase"	"c_14"	NA	NA	NA	NA
"r_0821"	"peroxisomal acyl-CoA thioesterase"	"c_14"	NA	NA	NA	NA
"r_0825"	"phenylalanine transaminase"	"c_02"	NA	NA	NA	NA
"r_1460"	"phosphate transport"	"exchange"	NA	NA	NA	NA
"r_1461"	"phosphate transport"	"exchange"	NA	NA	NA	NA
"r_1462"	"phosphate transport"	"exchange"	NA	NA	NA	NA
"r_0856"	"phosphoadenylyl-sulfate reductase (thioredoxin)"	"c_02"	NA	NA	NA	NA
"r_0857"	"phosphoenolpyruvate carboxykinase"	"c_02"	NA	NA	NA	NA
"r_0860"	"phosphofructokinase (s7p)"	"c_02"	NA	NA	NA	NA
"r_0861"	"phosphoglucomutase"	"c_02"	NA	NA	NA	NA
"r_0862"	"phosphogluconate dehydrogenase"	"c_02"	NA	NA	NA	NA
"r_0864"	"phosphoglycerate dehydrogenase"	"c_02"	NA	NA	NA	NA
"r_0865"	"phosphoglycerate kinase"	"c_02"	NA	NA	NA	NA
"r_0866"	"phosphoglycerate mutase"	"c_02"	NA	NA	NA	NA
"r_0875"	"phosphomannomutase"	"c_02"	NA	NA	NA	NA
"r_0877"	"phosphomevalonate kinase"	"c_02"	NA	NA	NA	NA
"r_0880"	"phosphopentomutase"	"c_02"	NA	NA	NA	NA
"r_0881"	"phosphoribosyl-AMP cyclohydrolase"	"c_02"	NA	NA	NA	NA
"r_0882"	"phosphoribosyl-ATP pyrophosphatase"	"c_02"	NA	NA	NA	NA
"r_0883"	"phosphoribosylaminoimidazole carboxylase"	"c_02"	NA	NA	NA	NA
"r_0884"	"phosphoribosylaminoimidazole synthase"	"c_02"	NA	NA	NA	NA
"r_0885"	"phosphoribosylaminoimidazolecarboxamide formyltransferase"	"c_02"	NA	NA	NA	NA
"r_0886"	"phosphoribosylaminoimidazolesuccinocarboxamide synthase"	"c_02"	NA	NA	NA	NA
"r_0887"	"phosphoribosylanthranilate isomerase"	"c_02"	NA	NA	NA	NA
"r_0888"	"phosphoribosylformylglycinamidine synthase"	"c_02"	NA	NA	NA	NA
"r_0889"	"phosphoribosylglycinamide formyltransferase"	"c_02"	NA	NA	NA	NA
"r_0890"	"phosphoribosylglycinamide synthase"	"c_02"	NA	NA	NA	NA
"r_0891"	"phosphoribosylpyrophosphate synthetase"	"c_02"	NA	NA	NA	NA
"r_0892"	"phosphoserine phosphatase (L-serine)"	"c_02"	NA	NA	NA	NA
"r_0893"	"phosphoserine transaminase"	"c_02"	NA	NA	NA	NA
"r_0902"	"polyamine oxidase"	"c_02"	NA	NA	NA	NA
"r_0910"	"poylamine oxidase"	"c_02"	NA	NA	NA	NA
"r_0911"	"prephenate dehydratase"	"c_02"	NA	NA	NA	NA
"r_0912"	"prephenate dehydrogenase"	"c_02"	NA	NA	NA	NA
"r_0913"	"prephenate dehydrogenase (NADP)"	"c_02"	NA	NA	NA	NA
"r_0914"	"proline oxidase (NAD)"	"c_10"	NA	NA	NA	NA
"r_1478"	"PRPP transport"	"exchange"	NA	NA	NA	NA
"r_0921"	"purine-nucleoside phosphorylase (deoxyguanosine)"	"c_02"	NA	NA	NA	NA
"r_0922"	"purine-nucleoside phosphorylase (deoxyinosine)"	"c_02"	NA	NA	NA	NA
"r_0923"	"purine-nucleoside phosphorylase (Guanosine)"	"c_02"	NA	NA	NA	NA
"r_0925"	"purine-nucleoside phosphorylase (inosine)"	"c_02"	NA	NA	NA	NA
"r_0926"	"purine-nucleoside phosphorylase (Xanthosine)"	"c_02"	NA	NA	NA	NA
"r_0927"	"pyridoxal kinase"	"c_02"	NA	NA	NA	NA
"r_0928"	"pyridoxal oxidase"	"c_02"	NA	NA	NA	NA
"r_0929"	"pyridoxamine 5'-phosphate oxidase"	"c_02"	NA	NA	NA	NA
"r_0935"	"pyrimidine-nucleoside phosphorylase (uracil)"	"c_02"	NA	NA	NA	NA
"r_0936"	"pyrroline-5-carboxylate reductase"	"c_02"	NA	NA	NA	NA
"r_0937"	"pyruvate carboxylase"	"c_02"	NA	NA	NA	NA
"r_0938"	"pyruvate decarboxylase"	"c_02"	NA	NA	NA	NA
"r_0940"	"pyruvate dehydrogenase"	"c_10"	NA	NA	NA	NA
"r_1482"	"pyruvate transport"	"exchange"	NA	NA	NA	NA
"r_0942"	"quinolinate synthase"	"c_02"	NA	NA	NA	NA
"r_0943"	"quinolinate synthase"	"c_02"	NA	NA	NA	NA
"r_1485"	"quinolinate transport"	"exchange"	NA	NA	NA	NA
"r_1486"	"reduced thioredoxin transport"	"exchange"	NA	NA	NA	NA
"r_0946"	"riboflavin kinase"	"c_02"	NA	NA	NA	NA
"r_0947"	"riboflavin kinase"	"c_10"	NA	NA	NA	NA
"r_1487"	"riboflavin transport"	"exchange"	NA	NA	NA	NA
"r_0952"	"ribonucleoside-diphosphate reductase (ADP)"	"c_02"	NA	NA	NA	NA
"r_0957"	"ribonucleoside-diphosphate reductase (UDP)"	"c_02"	NA	NA	NA	NA
"r_0961"	"ribonucleoside-triphosphate reductase (GTP)"	"c_02"	NA	NA	NA	NA
"r_0962"	"ribonucleoside-triphosphate reductase (UTP)"	"c_02"	NA	NA	NA	NA
"r_0963"	"ribose-5-phosphate isomerase"	"c_02"	NA	NA	NA	NA
"r_0965"	"ribulose 5-phosphate 3-epimerase"	"c_02"	NA	NA	NA	NA
"r_0969"	"saccharopine dehydrogenase (NAD, L-lysine forming)"	"c_02"	NA	NA	NA	NA
"r_0970"	"saccharopine dehydrogenase (NADP, L-glutamate forming)"	"c_02"	NA	NA	NA	NA
"r_0971"	"sedoheptulose 1,7-bisphosphate D-glyceraldehyde-3-phosphate-lyase"	"c_02"	NA	NA	NA	NA
"r_1494"	"serine transport"	"exchange"	NA	NA	NA	NA
"r_0976"	"shikimate dehydrogenase"	"c_02"	NA	NA	NA	NA
"r_0977"	"shikimate kinase"	"c_02"	NA	NA	NA	NA
"r_0980"	"soluble fumarate reductase"	"c_02"	NA	NA	NA	NA
"r_0981"	"spermidine acetyltransferase"	"c_02"	NA	NA	NA	NA
"r_0982"	"spermidine synthase"	"c_02"	NA	NA	NA	NA
"r_0983"	"spermine synthase"	"c_02"	NA	NA	NA	NA
"r_0991"	"squalene epoxidase (NAD)"	"c_03"	NA	NA	NA	NA
"r_0992"	"squalene epoxidase (NADP)"	"c_03"	NA	NA	NA	NA
"r_0993"	"squalene synthase"	"c_02"	NA	NA	NA	NA
"r_1501"	"squalene transport"	"exchange"	NA	NA	NA	NA
"r_1502"	"squalene-2,3-epoxide transport"	"exchange"	NA	NA	NA	NA
"r_0994"	"stearoyl-CoA desaturase (n-C18:0CoA -> n-C18:1CoA)"	"c_02"	NA	NA	NA	NA
"r_1002"	"succinate dehydrogenase (ubiquinone-6)"	"c_10"	NA	NA	NA	NA
"r_1504"	"succinate transport"	"exchange"	NA	NA	NA	NA
"r_1003"	"succinate-CoA ligase (ADP-forming)"	"c_10"	NA	NA	NA	NA
"r_1004"	"succinate-semialdehyde dehydrogenase (NADP)"	"c_02"	NA	NA	NA	NA
"r_1006"	"sulfate adenylyltransferase"	"c_02"	NA	NA	NA	NA
"r_1007"	"sulfate adenylyltransferase (ADP)"	"c_02"	NA	NA	NA	NA
"r_1507"	"sulfate uniport"	"exchange"	NA	NA	NA	NA
"r_1008"	"sulfite reductase (NADPH2)"	"c_02"	NA	NA	NA	NA
"r_1510"	"tetracosanoyl-CoA transport"	"exchange"	NA	NA	NA	NA
"r_1024"	"thioredoxin reductase (NADPH)"	"c_02"	NA	NA	NA	NA
"r_1026"	"threonine aldolase"	"c_02"	NA	NA	NA	NA
"r_1027"	"threonine synthase"	"c_02"	NA	NA	NA	NA
"r_1513"	"threonine transport"	"exchange"	NA	NA	NA	NA
"r_1032"	"thymidylate synthase"	"c_02"	NA	NA	NA	NA
"r_1035"	"transaldolase"	"c_02"	NA	NA	NA	NA
"r_1036"	"transketolase"	"c_02"	NA	NA	NA	NA
"r_1037"	"transketolase"	"c_02"	NA	NA	NA	NA
"r_1041"	"triose-phosphate isomerase"	"c_02"	NA	NA	NA	NA
"r_1042"	"tryptophan synthase (indoleglycerol phosphate)"	"c_02"	NA	NA	NA	NA
"r_1050"	"tyrosine transaminase"	"c_02"	NA	NA	NA	NA
"r_1059"	"UMP kinase"	"c_02"	NA	NA	NA	NA
"r_1526"	"UMP transport"	"exchange"	NA	NA	NA	NA
"r_1527"	"uracil transport"	"exchange"	NA	NA	NA	NA
"r_1062"	"urea carboxylase"	"c_02"	NA	NA	NA	NA
"r_1064"	"uridine kinase (ATP:uridine)"	"c_02"	NA	NA	NA	NA
"r_1065"	"uridine kinase (GTP:uridine)"	"c_02"	NA	NA	NA	NA
"r_1066"	"uridylate kinase (dUMP)"	"c_02"	NA	NA	NA	NA
"r_1530"	"UTP transport"	"exchange"	NA	NA	NA	NA
"r_1072"	"UTP-glucose-1-phosphate uridylyltransferase"	"c_02"	NA	NA	NA	NA
"r_1531"	"UTP/UMP antiport"	"exchange"	NA	NA	NA	NA
"r_1073"	"valine transaminase"	"c_02"	NA	NA	NA	NA
"r_1074"	"valine transaminase, mitochondiral"	"c_10"	NA	NA	NA	NA
"r_1532"	"valine transport"	"exchange"	NA	NA	NA	NA
"r_1077"	"water auto-dissociation"	"c_02"	NA	NA	NA	NA
"r_1078"	"water auto-dissociation"	"c_10"	NA	NA	NA	NA
"r_1079"	"xanthine phosphoribosyltransferase"	"c_02"	NA	NA	NA	NA
"r_0002"	"(R)-lactate:ferricytochrome-c 2-oxidoreductase"	"c_10"	NA	NA	NA	NA
"r_0006"	"1,4-alpha-glucan branching enzyme"	"c_02"	NA	NA	NA	NA
"r_0012"	"1-pyrroline-5-carboxylate dehydrogenase"	"c_10"	NA	NA	NA	NA
"r_0049"	"3-hydroxyacyl-CoA dehydratase (3-hydroxydecanoyl-CoA)"	"c_14"	NA	NA	NA	NA
"r_0050"	"3-hydroxyacyl-CoA dehydratase (3-hydroxydodecanoyl-CoA)"	"c_14"	NA	NA	NA	NA
"r_0054"	"3-hydroxyacyl-CoA dehydratase (3-hydroxytetradecanoyl-CoA)"	"c_14"	NA	NA	NA	NA
"r_0055"	"3-hydroxyacyl-CoA dehydrogenase (3-oxodecanoyl-CoA)"	"c_14"	NA	NA	NA	NA
"r_0056"	"3-hydroxyacyl-CoA dehydrogenase (3-oxodecanoyl-CoA)"	"c_14"	NA	NA	NA	NA
"r_0060"	"3-hydroxyacyl-CoA dehydrogenase (3-oxotetradecanoyl-CoA)"	"c_14"	NA	NA	NA	NA
"r_0082"	"5'-nucleotidase (AMP)"	"c_02"	NA	NA	NA	NA
"r_0097"	"5-formethyltetrahydrofolate cyclo-ligase"	"c_02"	NA	NA	NA	NA
"r_0099"	"5-formyltetrahydrofolate:10-formyltetrahydrofolate isomerase"	"c_02"	NA	NA	NA	NA
"r_0120"	"acetyl-CoA C-acetyltransferase (dodecanoyl)"	"c_14"	NA	NA	NA	NA
"r_0121"	"acetyl-CoA C-acetyltransferase (octanoyl-CoA)"	"c_14"	NA	NA	NA	NA
"r_0122"	"acetyl-CoA C-acyltransferase (decanoyl-CoA)"	"c_14"	NA	NA	NA	NA
"r_0125"	"acetyl-CoA hydrolase"	"c_02"	NA	NA	NA	NA
"r_0129"	"acetyl-CoA synthetase nuclear"	"c_12"	NA	NA	NA	NA
"r_0130"	"acetylglutamate kinase"	"c_10"	NA	NA	NA	NA
"r_0133"	"acteylornithine transaminase"	"c_10"	NA	NA	NA	NA
"r_0135"	"acyl-CoA oxidase (decanoyl-CoA)"	"c_14"	NA	NA	NA	NA
"r_0136"	"acyl-CoA oxidase (dodecanoyl-CoA)"	"c_14"	NA	NA	NA	NA
"r_0140"	"acyl-CoA oxidase (tetradecanoyl-CoA)"	"c_14"	NA	NA	NA	NA
"r_0154"	"adenine phosphoribosyltransferase"	"c_02"	NA	NA	NA	NA
"r_0155"	"adenosine deaminase"	"c_02"	NA	NA	NA	NA
"r_0156"	"adenosine hydrolase"	"c_02"	NA	NA	NA	NA
"r_0159"	"adenosylhomocysteinase"	"c_02"	NA	NA	NA	NA
"r_0179"	"alcohol acetyltransferase (isobutyl alcohol)"	"c_02"	NA	NA	NA	NA
"r_0194"	"aldehyde dehydrogenase (indole-3-acetaldehyde, NAD)"	"c_10"	NA	NA	NA	NA
"r_0195"	"aldehyde dehydrogenase (indole-3-acetaldehyde, NADP)"	"c_02"	NA	NA	NA	NA
"r_0204"	"aldehyde dehydrogenase (tryptophol, NAD)"	"c_02"	NA	NA	NA	NA
"r_0205"	"aldehyde dehydrogenase (tryptophol, NAD)"	"c_10"	NA	NA	NA	NA
"r_0225"	"argininosuccinate lyase"	"c_02"	NA	NA	NA	NA
"r_0226"	"argininosuccinate synthase"	"c_02"	NA	NA	NA	NA
"r_0229"	"asparagine synthase (glutamine-hydrolysing)"	"c_02"	NA	NA	NA	NA
"r_0281"	"carnitine O-aceyltransferase"	"c_10"	NA	NA	NA	NA
"r_0282"	"catalase"	"c_02"	NA	NA	NA	NA
"r_0285"	"CDP-diacylglycerol synthase"	"c_10"	NA	NA	NA	NA
"r_0292"	"ceramide-2 synthase (24C)"	"c_03"	NA	NA	NA	NA
"r_0299"	"choline kinase"	"c_02"	NA	NA	NA	NA
"r_0335"	"CTP synthase (glutamine)"	"c_02"	NA	NA	NA	NA
"r_0336"	"CTP synthase (NH3)"	"c_02"	NA	NA	NA	NA
"r_0339"	"cystathionine g-lyase"	"c_02"	NA	NA	NA	NA
"r_0346"	"cytidylate kinase (dCMP)"	"c_02"	NA	NA	NA	NA
"r_0358"	"dCTP deaminase"	"c_02"	NA	NA	NA	NA
"r_0372"	"diamine transaminase"	"c_02"	NA	NA	NA	NA
"r_0386"	"dihydroxyacetone kinase"	"c_02"	NA	NA	NA	NA
"r_0408"	"fatty acid oxidation"	"c_14"	NA	NA	NA	NA
"r_0411"	"fatty acid oxidation"	"c_14"	NA	NA	NA	NA
"r_0431"	"fatty-acid--CoA ligase (decanoate)"	"c_14"	NA	NA	NA	NA
"r_0435"	"fatty-acid--CoA ligase (hexadecenoate)"	"c_02"	NA	NA	NA	NA
"r_0436"	"fatty-acid--CoA ligase (hexadecenoate)"	"c_14"	NA	NA	NA	NA
"r_0441"	"fatty-acid--CoA ligase (octadecynoate)"	"c_02"	NA	NA	NA	NA
"r_0443"	"fatty-acid--CoA ligase (tetradecanoate)"	"c_02"	NA	NA	NA	NA
"r_0452"	"fatty-acyl-ACP hydrolase"	"c_02"	NA	NA	NA	NA
"r_0454"	"fatty-acyl-ACP hydrolase"	"c_02"	NA	NA	NA	NA
"r_0461"	"fatty-acyl-ACP synthase (n-C18:0ACP)"	"c_10"	NA	NA	NA	NA
"r_0463"	"fatty-acyl-ACP synthase (n-C18:2ACP)"	"c_10"	NA	NA	NA	NA
"r_0480"	"formate-tetrahydrofolate ligase"	"c_10"	NA	NA	NA	NA
"r_0509"	"glutamate dehydrogenase (NADP)"	"c_02"	NA	NA	NA	NA
"r_0520"	"glutathione oxidoreductase"	"c_02"	NA	NA	NA	NA
"r_0522"	"glutathione peridoxase"	"c_02"	NA	NA	NA	NA
"r_0526"	"glycerol dehydrogenase (NADP-dependent)"	"c_02"	NA	NA	NA	NA
"r_0541"	"glycine-cleavage complex (lipoamide)"	"c_10"	NA	NA	NA	NA
"r_0546"	"glycine-cleavage system (lipoamide)"	"c_10"	NA	NA	NA	NA
"r_0547"	"glycogen (starch) synthase"	"c_02"	NA	NA	NA	NA
"r_0567"	"guanylate kinase (GMP:ATP)"	"c_02"	NA	NA	NA	NA
"r_0586"	"homoserine dehydrogenase (NADH)"	"c_02"	NA	NA	NA	NA
"r_0628"	"isobutyl acetate-hydrolyzing esterase"	"c_02"	NA	NA	NA	NA
"r_0699"	"methenyltetrahydrifikate cyclohydrolase"	"c_10"	NA	NA	NA	NA
"r_0701"	"methionine adenosyltransferase"	"c_02"	NA	NA	NA	NA
"r_0708"	"methylenetetrahydrofolate dehydrogenase (NADP)"	"c_10"	NA	NA	NA	NA
"r_0712"	"mevalonate kinase (ctp)"	"c_02"	NA	NA	NA	NA
"r_0713"	"mevalonate kinase (gtp)"	"c_02"	NA	NA	NA	NA
"r_0727"	"myristicoyl-CoA desaturase (n-C14:0CoA -> n-C14:1CoA)"	"c_02"	NA	NA	NA	NA
"r_0728"	"N-acetyl-g-glutamyl-phosphate reductase"	"c_10"	NA	NA	NA	NA
"r_0759"	"nicotinamide-nucleotide adenylyltransferase"	"c_02"	NA	NA	NA	NA
"r_0760"	"nicotinamide-nucleotide adenylyltransferase"	"c_12"	NA	NA	NA	NA
"r_0770"	"nucleoside-diphosphatase (UDP)"	"c_02"	NA	NA	NA	NA
"r_0771"	"nucleoside-diphosphate kinase (ATP:CDP)"	"c_02"	NA	NA	NA	NA
"r_0773"	"nucleoside-diphosphate kinase (ATP:dCDP)"	"c_02"	NA	NA	NA	NA
"r_0779"	"nucleoside-diphosphate kinase (ATP:UDP)"	"c_02"	NA	NA	NA	NA
"r_0781"	"nucleoside-triphosphatase (GTP)"	"c_02"	NA	NA	NA	NA
"r_0789"	"ornithine carbamoyltransferase"	"c_02"	NA	NA	NA	NA
"r_0791"	"ornithine transacetylase"	"c_10"	NA	NA	NA	NA
"r_0819"	"peroxisomal acyl-CoA thioesterase"	"c_14"	NA	NA	NA	NA
"r_0822"	"peroxisomal acyl-CoA thioesterase"	"c_14"	NA	NA	NA	NA
"r_0824"	"peroxisomal acyl-CoA thioesterase"	"c_14"	NA	NA	NA	NA
"r_0831"	"phosphatidylethanolamine methyltransferase"	"c_10"	NA	NA	NA	NA
"r_0850"	"phosphatidylserine decarboxylase"	"c_10"	NA	NA	NA	NA
"r_0853"	"phosphatidylserine synthase"	"c_10"	NA	NA	NA	NA
"r_0859"	"phosphofructokinase"	"c_02"	NA	NA	NA	NA
"r_0872"	"phospholipase D"	"exchange"	NA	NA	NA	NA
"r_0873"	"phospholipid methyltransferase"	"c_10"	NA	NA	NA	NA
"r_0874"	"phospholipid methyltransferase"	"c_10"	NA	NA	NA	NA
"r_0895"	"Phytosphingosine synthesis"	"c_03"	NA	NA	NA	NA
"r_0909"	"poylamine oxidase"	"c_02"	NA	NA	NA	NA
"r_0941"	"pyruvate kinase"	"c_02"	NA	NA	NA	NA
"r_0950"	"ribokinase"	"c_02"	NA	NA	NA	NA
"r_0953"	"ribonucleoside-diphosphate reductase (CDP)"	"c_02"	NA	NA	NA	NA
"r_0954"	"ribonucleoside-diphosphate reductase (CDP)"	"c_12"	NA	NA	NA	NA
"r_1023"	"thioredoxin"	"c_12"	NA	NA	NA	NA
"r_1061"	"uracil phosphoribosyltransferase"	"c_02"	NA	NA	NA	NA
"r_1071"	"UTP diphosphohydrolase"	"c_02"	NA	NA	NA	NA
"r_1136"	"acetate transport"	"exchange"	NA	NA	NA	NA
"r_1141"	"acetyl-CoA transport"	"exchange"	NA	NA	NA	NA
"r_1158"	"AMP transport"	"exchange"	NA	NA	NA	NA
"r_1159"	"AMP transport"	"exchange"	NA	NA	NA	NA
"r_1160"	"AMP/ATP transporter"	"exchange"	NA	NA	NA	NA
"r_1165"	"aspartate-glutamate transporter"	"exchange"	NA	NA	NA	NA
"r_1168"	"ATP transport"	"exchange"	NA	NA	NA	NA
"r_1171"	"carnithine-acetylcarnithine carrier"	"exchange"	NA	NA	NA	NA
"r_1174"	"CDP transport"	"exchange"	NA	NA	NA	NA
"r_1179"	"choline transport"	"exchange"	NA	NA	NA	NA
"r_1195"	"coenzyme A transport"	"exchange"	NA	NA	NA	NA
"r_1197"	"coenzyme A transport"	"exchange"	NA	NA	NA	NA
"r_1199"	"CTP/CMP antiport"	"exchange"	NA	NA	NA	NA
"r_1214"	"dCDP transport"	"exchange"	NA	NA	NA	NA
"r_1227"	"diphosphate transport"	"exchange"	NA	NA	NA	NA
"r_1230"	"DNF1 flippase"	"exchange"	NA	NA	NA	NA
"r_1255"	"fatty acid transport"	"exchange"	NA	NA	NA	NA
"r_1256"	"fatty acid transport"	"exchange"	NA	NA	NA	NA
"r_1257"	"fatty acid transport"	"exchange"	NA	NA	NA	NA
"r_1260"	"fatty acid transport"	"exchange"	NA	NA	NA	NA
"r_1263"	"fatty acid transport"	"exchange"	NA	NA	NA	NA
"r_1273"	"fatty acyl-CoA transport via ABC system"	"exchange"	NA	NA	NA	NA
"r_1279"	"fatty-acyl-ACP transport"	"exchange"	NA	NA	NA	NA
"r_1281"	"fatty-acyl-ACP transport"	"exchange"	NA	NA	NA	NA
"r_1285"	"formate transport"	"exchange"	NA	NA	NA	NA
"r_1318"	"H2O transport"	"exchange"	NA	NA	NA	NA
"r_1326"	"hydrogen peroxide transport"	"exchange"	NA	NA	NA	NA
"r_1329"	"indole-3-acetaldehyde transport"	"exchange"	NA	NA	NA	NA
"r_1331"	"indole-3-acetate transport"	"exchange"	NA	NA	NA	NA
"r_1363"	"L-glutamate transport"	"exchange"	NA	NA	NA	NA
"r_1365"	"L-glutamate transport"	"exchange"	NA	NA	NA	NA
"r_1419"	"NAD transport"	"exchange"	NA	NA	NA	NA
"r_1429"	"NMN transport"	"exchange"	NA	NA	NA	NA
"r_1441"	"ornithine transport"	"exchange"	NA	NA	NA	NA
"r_1464"	"phosphatidate transport"	"exchange"	NA	NA	NA	NA
"r_1466"	"phosphatidate transport"	"exchange"	NA	NA	NA	NA
"r_1470"	"phosphatidylcholine transport"	"exchange"	NA	NA	NA	NA
"r_1490"	"S-adenosyl-L-homocysteine transport"	"exchange"	NA	NA	NA	NA
"r_1492"	"S-adenosyl-L-methionine transport"	"exchange"	NA	NA	NA	NA
"r_1503"	"succinate transport"	"exchange"	NA	NA	NA	NA
"r_1505"	"succinate-fumarate transport"	"exchange"	NA	NA	NA	NA
"r_1521"	"tryptophol transport"	"exchange"	NA	NA	NA	NA
"L-glutamate boundary"	NA	NA	NA	NA	NA	NA
"r_0017"	"2-amino-4-hydroxy-6-hydroxymethyldihydropteridine diphosphokinase"	"c_10"	NA	NA	NA	NA
"r_0030"	"2-methylcitrate synthase"	"c_10"	NA	NA	NA	NA
"r_0033"	"2-oxobutanoate dehydrogenase"	"c_10"	NA	NA	NA	NA
"r_0132"	"aconitase"	"c_10"	NA	NA	NA	NA
"r_0192"	"aldehyde dehydrogenase (acetylaldehyde, NAD)"	"c_10"	NA	NA	NA	NA
"r_0212"	"alpha,alpha-trehalase"	"c_16"	NA	NA	NA	NA
"r_0248"	"ATP synthase, vacuole"	"exchange"	NA	NA	NA	NA
"r_0259"	"C-22 sterol desaturase (NAD)"	"c_02"	NA	NA	NA	NA
"r_0269"	"C-5 sterol desaturase"	"c_02"	NA	NA	NA	NA
"r_0270"	"C-8 sterol isomerase"	"c_02"	NA	NA	NA	NA
"r_0288"	"ceramide-1 hydroxylase (26C)"	"c_03"	NA	NA	NA	NA
"r_0293"	"ceramide-2 synthase (26C)"	"c_03"	NA	NA	NA	NA
"r_0382"	"dihydropteroate synthase"	"c_10"	NA	NA	NA	NA
"r_0383"	"dihydropteroate synthase"	"c_10"	NA	NA	NA	NA
"r_0406"	"fatty acid oxidation"	"c_14"	NA	NA	NA	NA
"r_0410"	"fatty acid oxidation"	"c_14"	NA	NA	NA	NA
"r_0432"	"fatty-acid--CoA ligase (dodecanoate)"	"c_14"	NA	NA	NA	NA
"r_0433"	"fatty-acid--CoA ligase (hexadecanoate)"	"c_02"	NA	NA	NA	NA
"r_0440"	"fatty-acid--CoA ligase (octadecenoate)"	"c_02"	NA	NA	NA	NA
"r_0469"	"ferrocytochrome-c:hydrogen-peroxide oxidoreductase"	"c_10"	NA	NA	NA	NA
"r_0487"	"Fumarate dependent DHORD"	"c_02"	NA	NA	NA	NA
"r_0513"	"glutaminase"	"c_02"	NA	NA	NA	NA
"r_0521"	"glutathione oxidoreductase"	"c_10"	NA	NA	NA	NA
"r_0523"	"glutathione peroxidase, mitochondria"	"c_10"	NA	NA	NA	NA
"r_0527"	"glycerol kinase"	"c_02"	NA	NA	NA	NA
"r_0552"	"gnnuc"	"c_02"	NA	NA	NA	NA
"r_0654"	"L-erythro-4-hydroxyglutamate:2-oxoglutarate aminotransferase"	"c_02"	NA	NA	NA	NA
"r_0656"	"L-erythro-4-hydroxyglutamate:2-oxoglutarate aminotransferase"	"c_14"	NA	NA	NA	NA
"r_0693"	"malic enzyme (NAD)"	"c_10"	NA	NA	NA	NA
"r_0710"	"methylisocitrate lyase"	"c_10"	NA	NA	NA	NA
"r_0747"	"NADP phosphatase"	"c_10"	NA	NA	NA	NA
"r_0768"	"nucleoside-diphosphatase (GDP)"	"c_02"	NA	NA	NA	NA
"r_0823"	"peroxisomal acyl-CoA thioesterase"	"c_14"	NA	NA	NA	NA
"r_0918"	"purine-nucleoside phosphorylase (adenosine)"	"c_02"	NA	NA	NA	NA
"r_0920"	"purine-nucleoside phosphorylase (deoxyadenosine)"	"c_02"	NA	NA	NA	NA
"r_0945"	"reduced glutathione via ABC system"	"exchange"	NA	NA	NA	NA
"r_0951"	"ribonucleoside-diphosphate reductase"	"c_12"	NA	NA	NA	NA
"r_0956"	"ribonucleoside-diphosphate reductase (GDP)"	"c_12"	NA	NA	NA	NA
"r_0967"	"S-adenosyl-methionine delta-24-sterol-c-methyltransferase"	"c_02"	NA	NA	NA	NA
"r_1051"	"tyrosine transaminase"	"c_10"	NA	NA	NA	NA
"r_1052"	"tyrosine transaminase"	"c_14"	NA	NA	NA	NA
"r_1111"	"3-(4-hydroxyphenyl)pyruvate transport"	"exchange"	NA	NA	NA	NA
"r_1112"	"3-(4-hydroxyphenyl)pyruvate transport"	"exchange"	NA	NA	NA	NA
"r_1127"	"4-hydroxy-2-oxoglutarate transport"	"exchange"	NA	NA	NA	NA
"r_1147"	"ADP transport"	"exchange"	NA	NA	NA	NA
"r_1193"	"CO2 transport"	"exchange"	NA	NA	NA	NA
"r_1213"	"dADP transport"	"exchange"	NA	NA	NA	NA
"r_1221"	"dGDP transport"	"exchange"	NA	NA	NA	NA
"r_1271"	"fatty acyl-CoA transport via ABC system"	"exchange"	NA	NA	NA	NA
"r_1289"	"GDP transport"	"exchange"	NA	NA	NA	NA
"r_1294"	"glucose transport"	"exchange"	NA	NA	NA	NA
"r_1296"	"glutathione transport"	"exchange"	NA	NA	NA	NA
"r_1320"	"H2O transport"	"exchange"	NA	NA	NA	NA
"r_1362"	"L-erythro-4-hydroxyglutamate transport"	"exchange"	NA	NA	NA	NA
"r_1367"	"L-glutamate transport"	"exchange"	NA	NA	NA	NA
"r_1437"	"octadecanoate (n-C18:0) transport"	"exchange"	NA	NA	NA	NA
"r_1518"	"trehalose vacuolar transport"	"exchange"	NA	NA	NA	NA
"r_1522"	"tyrosine transport"	"exchange"	NA	NA	NA	NA
"r_1523"	"tyrosine transport"	"exchange"	NA	NA	NA	NA
"r_0098"	"5-formethyltetrahydrofolate cyclo-ligase"	"c_10"	NA	NA	NA	NA
"r_0185"	"aldehyde dehydrogenase (2-methylbutanol, NAD)"	"c_10"	NA	NA	NA	NA
"r_0186"	"aldehyde dehydrogenase (2-methylbutanol, NADP)"	"c_02"	NA	NA	NA	NA
"r_0196"	"aldehyde dehydrogenase (indole-3-acetaldehyde, NADP)"	"c_10"	NA	NA	NA	NA
"r_0213"	"alpha,alpha-trehalose-phosphate synthase (UDP-forming)"	"c_02"	NA	NA	NA	NA
"r_0260"	"C-22 sterol desaturase (NADP)"	"c_02"	NA	NA	NA	NA
"r_0345"	"cytidylate kinase (CMP)"	"c_02"	NA	NA	NA	NA
"r_0415"	"fatty acid oxidation (octanoyl-CoA)"	"c_14"	NA	NA	NA	NA
"r_0442"	"fatty-acid--CoA ligase (octanoate)"	"c_14"	NA	NA	NA	NA
"r_0500"	"glucosamine-6-phosphate deaminase"	"c_02"	NA	NA	NA	NA
"r_0516"	"glutamine-fructose-6-phosphate transaminase"	"c_02"	NA	NA	NA	NA
"r_0596"	"hydroxyethylthiazole kinase"	"c_02"	NA	NA	NA	NA
"r_0601"	"hydroxymethylpyrimidine kinase (ATP)"	"c_02"	NA	NA	NA	NA
"r_0629"	"isocitrate dehydrogenase (NAD+)"	"c_10"	NA	NA	NA	NA
"r_0736"	"NAD kinase"	"c_02"	NA	NA	NA	NA
"r_0740"	"NAD synthase (nh3)"	"c_02"	NA	NA	NA	NA
"r_0743"	"NADH kinase"	"c_02"	NA	NA	NA	NA
"r_0746"	"NADP phosphatase"	"c_02"	NA	NA	NA	NA
"r_0748"	"NAPRtase"	"c_02"	NA	NA	NA	NA
"r_0756"	"nicotinamidase"	"c_02"	NA	NA	NA	NA
"r_0876"	"phosphomethylpyrimidine kinase"	"c_02"	NA	NA	NA	NA
"r_0917"	"purine-nucleoside phosphorylase"	"c_02"	NA	NA	NA	NA
"r_0930"	"pyridoxamine kinase"	"c_02"	NA	NA	NA	NA
"r_0960"	"ribonucleoside-triphosphate reductase (CTP)"	"c_02"	NA	NA	NA	NA
"r_0964"	"ribosylnicotinamide kinase"	"c_02"	NA	NA	NA	NA
"r_1001"	"succinate dehydrogenase (ubiquinone-6)"	"c_10"	NA	NA	NA	NA
"r_1011"	"tetrahydrofolate aminomethyltransferase"	"c_10"	NA	NA	NA	NA
"r_1014"	"thiamin phosphatase"	"c_02"	NA	NA	NA	NA
"r_1016"	"thiaminase"	"c_02"	NA	NA	NA	NA
"r_1019"	"thiamine-phosphate diphosphorylase"	"c_02"	NA	NA	NA	NA
"r_1038"	"trehalose-phosphatase"	"c_02"	NA	NA	NA	NA
"r_1098"	"2-methyl-1-butanol transport"	"exchange"	NA	NA	NA	NA
"r_1100"	"2-methylbutanal transport"	"exchange"	NA	NA	NA	NA
"r_1138"	"acetate transport"	"exchange"	NA	NA	NA	NA
"r_0110"	"acetaldehyde condensation"	"c_02"	NA	NA	NA	NA
"r_0153"	"adenine deaminase"	"c_02"	NA	NA	NA	NA
"r_0157"	"adenosine kinase"	"c_02"	NA	NA	NA	NA
"r_0409"	"fatty acid oxidation"	"c_14"	NA	NA	NA	NA
"r_0439"	"fatty-acid--CoA ligase (octadecanoate)"	"c_02"	NA	NA	NA	NA
"r_0772"	"nucleoside-diphosphate kinase (ATP:dADP)"	"c_02"	NA	NA	NA	NA
"r_0818"	"peroxisomal acyl-CoA thioesterase"	"c_14"	NA	NA	NA	NA
"r_0939"	"pyruvate decarboxylase (acetoin-forming)"	"c_02"	NA	NA	NA	NA
"r_0955"	"ribonucleoside-diphosphate reductase (GDP)"	"c_02"	NA	NA	NA	NA
"r_0959"	"ribonucleoside-triphosphate reductase (ATP)"	"c_02"	NA	NA	NA	NA
"r_1117"	"3-methyl-oxopentanoate trasport"	"exchange"	NA	NA	NA	NA
"r_1124"	"4-aminobutyrate transport"	"exchange"	NA	NA	NA	NA
"r_1125"	"4-aminobutyrate transport"	"exchange"	NA	NA	NA	NA
"r_1150"	"ADP/ATP transporter"	"exchange"	NA	NA	NA	NA
"r_1226"	"dihydroxyacetone phosphate transport"	"exchange"	NA	NA	NA	NA
"r_1301"	"glycerol-3-phosphate shuttle"	"exchange"	NA	NA	NA	NA
"r_1323"	"hexadecanoate (n-C16:0) transport"	"exchange"	NA	NA	NA	NA
"r_1324"	"hexadecenoate (n-C16:1) transport"	"exchange"	NA	NA	NA	NA
"r_1440"	"octadecynoate (n-C18:2) transport"	"exchange"	NA	NA	NA	NA
"r_1447"	"palmitoyl-CoA transport"	"exchange"	NA	NA	NA	NA
"r_1459"	"phosphate transport"	"exchange"	NA	NA	NA	NA
"r_0199"	"aldehyde dehydrogenase (isoamyl alcohol, NADP)"	"c_02"	NA	NA	NA	NA
"r_0295"	"ceramide-3 synthase (26C)"	"c_03"	NA	NA	NA	NA
"r_0449"	"fatty-acyl-ACP hydrolase"	"c_02"	NA	NA	NA	NA
"r_0458"	"fatty-acyl-ACP synthase (n-C14:1ACP)"	"c_10"	NA	NA	NA	NA
"r_0624"	"IPC synthase"	"c_06"	NA	NA	NA	NA
"r_1178"	"ceramide-3 (Phytosphingosine:n-C26:0OH) transport"	"exchange"	NA	NA	NA	NA
"r_1276"	"fatty-acyl-ACP transport"	"exchange"	NA	NA	NA	NA
"r_1358"	"L-carnitine transport"	"exchange"	NA	NA	NA	NA
"r_1432"	"O-acetylcarnintine transport into mitochondria"	"exchange"	NA	NA	NA	NA
"r_0021"	"2-deoxy-D-arabino-heptulosonate 7-phosphate synthetase"	"c_10"	NA	NA	NA	NA
"r_0041"	"3-(4-hydroxyphenyl-)lactate formation"	"c_10"	NA	NA	NA	NA
"r_0075"	"4-hydroxybenzoate formation"	"c_10"	NA	NA	NA	NA
"r_0076"	"4-hydroxybenzoyl-CoA formation"	"c_10"	NA	NA	NA	NA
"r_0077"	"4-hydroxycinnamate formation"	"c_10"	NA	NA	NA	NA
"r_0165"	"adenylate kinase (GTP)"	"c_02"	NA	NA	NA	NA
"r_0201"	"aldehyde dehydrogenase (isobutyl alcohol, NAD)"	"c_10"	NA	NA	NA	NA
"r_0202"	"aldehyde dehydrogenase (isobutyl alcohol, NADP)"	"c_02"	NA	NA	NA	NA
"r_0305"	"chorismate pyruvate lyase"	"c_02"	NA	NA	NA	NA
"r_0307"	"cis-aconitate(3-) to isocitrate"	"c_10"	NA	NA	NA	NA
"r_0330"	"citrate to cis-aconitate(3-)"	"c_10"	NA	NA	NA	NA
"r_0334"	"coumaroyl-CoA formation"	"c_10"	NA	NA	NA	NA
"r_0591"	"hydrogen peroxide reductase (thioredoxin)"	"c_10"	NA	NA	NA	NA
"r_0767"	"nucleoside-diphosphatase (dGDP)"	"c_02"	NA	NA	NA	NA
"r_1025"	"thioredoxin reductase (NADPH)"	"c_10"	NA	NA	NA	NA
"r_1092"	"2-dehydro-3-deoxy-D-arabino-heptonate7-phohsphate transport"	"exchange"	NA	NA	NA	NA
"r_1103"	"2-methylpropanal transport"	"exchange"	NA	NA	NA	NA
"r_1128"	"4-hydroxybenzoate transport"	"exchange"	NA	NA	NA	NA
"r_1183"	"citrate transport"	"exchange"	NA	NA	NA	NA
"r_1203"	"D-erythrose 4-phosphate transport"	"exchange"	NA	NA	NA	NA
"r_1343"	"isobutyl alcohol transport"	"exchange"	NA	NA	NA	NA
"succinate(2-) boundary"	NA	NA	NA	NA	NA	NA
"(R)-lactate boundary"	NA	NA	NA	NA	NA	NA
"r_0412"	"fatty acid oxidation"	"c_14"	NA	NA	NA	NA
"r_0958"	"ribonucleoside-diphosphate reductase (UDP)"	"c_12"	NA	NA	NA	NA
"r_1060"	"UMP kinase"	"c_12"	NA	NA	NA	NA
"r_1166"	"ATP diffusion"	"exchange"	NA	NA	NA	NA
"r_1236"	"dUDP diffusion"	"exchange"	NA	NA	NA	NA
"r_1498"	"spermidine excretion"	"exchange"	NA	NA	NA	NA
"r_1499"	"spermidine transport"	"exchange"	NA	NA	NA	NA
"r_1525"	"UMP transport"	"exchange"	NA	NA	NA	NA
"r_0493"	"galactose-1-phosphate uridylyltransferase"	"c_02"	NA	NA	NA	NA
"r_0738"	"NAD nucleosidase"	"c_02"	NA	NA	NA	NA
"r_0739"	"NAD nucleosidase nuclear"	"c_12"	NA	NA	NA	NA
"r_0741"	"NAD synthase (nh3)"	"c_12"	NA	NA	NA	NA
"r_1058"	"UDPglucose--hexose-1-phosphate uridylyltransferase"	"c_02"	NA	NA	NA	NA
"r_1151"	"ADPribose diffusion"	"exchange"	NA	NA	NA	NA
"r_1156"	"ammonia transport"	"exchange"	NA	NA	NA	NA
"r_1215"	"deamino-NAD+ diffusion"	"exchange"	NA	NA	NA	NA
"r_1426"	"nicotinamide diffusion"	"exchange"	NA	NA	NA	NA
"r_0163"	"adenylate kinase"	"c_02"	NA	NA	NA	NA
"r_0444"	"fatty-acid--CoA ligase (tetradecanoate)"	"c_14"	NA	NA	NA	NA
"r_0568"	"guanylate kinase (GMP:dATP)"	"c_02"	NA	NA	NA	NA
"r_1187"	"CMP transport"	"exchange"	NA	NA	NA	NA
"r_1198"	"CTP transport"	"exchange"	NA	NA	NA	NA
"r_1299"	"glycerol transport via channel"	"exchange"	NA	NA	NA	NA
"r_1300"	"glycerol transport via symport"	"exchange"	NA	NA	NA	NA
"r_1247"	"ethanol transport"	"exchange"	NA	NA	NA	NA
"r_0184"	"aldehyde dehydrogenase (2-methylbutanol, NAD)"	"c_02"	NA	NA	NA	NA
"r_0742"	"NADH dehydrogenase, cytosolic/mitochondrial"	"exchange"	NA	NA	NA	NA
"r_1139"	"acetate transport"	"exchange"	NA	NA	NA	NA
"acetate boundary"	NA	NA	NA	NA	NA	NA
"r_0659"	"L-hydroxyproline dehydrogenase (NAD)"	"c_10"	NA	NA	NA	NA
"r_0660"	"L-hydroxyproline dehydrogenase (NADP)"	"c_10"	NA	NA	NA	NA
